RecordNum,RecordType,RecordTypeMapped,RecordTypeDesc,Description,OpenDate,LastInspDate,LastInspResult,StatusCurrent,OriginalAddress1,OriginalCity,OriginalState,OriginalZip,Link,Latitude,Longitude,Location 1
1037916-CT,Citation,Case,,ST 7/15/16 HBMC and Veg violations.,2016-07-15,2016-09-19,Compliance Achieved,Completed,412 NE 44TH ST,SEATTLE,WA,98105,https://cosaccela.seattle.gov/portal/customize/LinkToRecord.aspx?altId=1037916-CT,47.66037156,-122.32341413,"412 NE 44TH ST
SEATTLE, SEATTLE 98105
(47.66037156, -122.32341413)"
1042269-VI,Notice of Violation,Case,,,2018-01-31,2018-02-02,Compliance Achieved,Completed,340 27TH AVE,SEATTLE,WA,98122,https://cosaccela.seattle.gov/portal/customize/LinkToRecord.aspx?altId=1042269-VI,47.60548624,-122.29758625,"340 27TH AVE
SEATTLE, SEATTLE 98122
(47.60548624, -122.29758625)"
1006709-VI,Notice of Violation,Case,Vacant Building,ONLINE COMPLAINT- The grass around this vacant building has not been cut in a year and it is a fire hazard. It is also providing nest for rats. Rodents are using the house as nest and infesting neighboring properties. PERMIT # 6070354 has not been issued yet. The owner still needs to maintain property.,2005-10-27,2005-12-06,Compliance Achieved,Completed,1708 NE 73RD ST,SEATTLE,WA,98115,https://cosaccela.seattle.gov/portal/customize/LinkToRecord.aspx?altId=1006709-VI,47.68140746,-122.30944168,"1708 NE 73RD ST
SEATTLE, SEATTLE 98115
(47.68140746, -122.30944168)"
001422-10CP,Complaint,Request,Construction,Creating an ADU in the basement without permit - have created separate entrance and,2010-02-16,2010-02-24,Completed,Completed,1980 HARVARD AVE E,SEATTLE,WA,98102,https://cosaccela.seattle.gov/portal/customize/LinkToRecord.aspx?altId=001422-10CP,47.63825742,-122.32219981,"1980 HARVARD AVE E
SEATTLE, SEATTLE 98102
(47.63825742, -122.32219981)"
001831-14CP,Complaint,Request,Weeds,"Per online complaint: ""Multiple plants covering over 50% of sidewalk in front of the residence.""",2014-03-12,,,Completed,6556 50TH AVE NE,SEATTLE,WA,98115,https://cosaccela.seattle.gov/portal/customize/LinkToRecord.aspx?altId=001831-14CP,47.67738715,-122.2739442,"6556 50TH AVE NE
SEATTLE, SEATTLE 98115
(47.67738715, -122.2739442)"
004387-10CP,Complaint,Request,Weeds,Vegetation overgrowth into ROW.,2010-09-09,2010-09-24,Completed,Completed,3040 35TH AVE W,SEATTLE,WA,98199,https://cosaccela.seattle.gov/portal/customize/LinkToRecord.aspx?altId=004387-10CP,47.64810134,-122.40201996,"3040 35TH AVE W
SEATTLE, SEATTLE 98199
(47.64810134, -122.40201996)"
003821-11CP,Complaint,Request,Weeds,Vegetation over sidewalk forcing pedestrians into street.,2011-08-16,2011-08-17,Completed,Completed,5006 RENTON AVE S,SEATTLE,WA,98118,https://cosaccela.seattle.gov/portal/customize/LinkToRecord.aspx?altId=003821-11CP,47.55653982,-122.28740177,"5006 RENTON AVE S
SEATTLE, SEATTLE 98118
(47.55653982, -122.28740177)"
1017199-VI,Notice of Violation,Case,Construction,ROCKERY ON STEEP SLOPE ECA IS NOT PER PLAN--#6068429,2008-09-03,2008-09-02,Compliance Achieved,Completed,9232 25TH AVE NW,SEATTLE,WA,98117,https://cosaccela.seattle.gov/portal/customize/LinkToRecord.aspx?altId=1017199-VI,47.69705544,-122.38828914,"9232 25TH AVE NW
SEATTLE, SEATTLE 98117
(47.69705544, -122.38828914)"
002879-16CP,Complaint,Request,Vacant Building,Per SPD- Vacant building open to entry.,2016-04-13,2016-04-13,Completed,Completed,810 NE 69TH ST,SEATTLE,WA,98115,https://cosaccela.seattle.gov/portal/customize/LinkToRecord.aspx?altId=002879-16CP,47.67895262,-122.3195531,"810 NE 69TH ST
SEATTLE, SEATTLE 98115
(47.67895262, -122.3195531)"
003219-09CP,Complaint,Request,Vacant Building,"Per online complaint, ""There were people in and on a vacant boarded up building on Sunday June 15th at 7pm."" Per follow-up email, ""The building has no address posted on it and is located behind a chain link fence on the north side of the Rising Sun Fruit and Vegetable stand.  One building west of the corner of NE 66th and 15th NE.""",2009-06-15,2009-06-23,Completed,Completed,1409 NE 66TH ST,SEATTLE,WA,98115,https://cosaccela.seattle.gov/portal/customize/LinkToRecord.aspx?altId=003219-09CP,47.67637795,-122.31274931,"1409 NE 66TH ST
SEATTLE, SEATTLE 98115
(47.67637795, -122.31274931)"
1026347-VI,Notice of Violation,Case,Construction,"Removing trees and vegetation from a Steep Slope ECA and constructing deck(s) and fencing in the ECA without a permit and inspections.Try viewing from driveway for 8425 California Ave SW in California Ave SW R-O-W. If that doesn't work, view from complainant's back yard at 8500 Fauntlee Crest SW (call first).",2011-10-20,2013-11-26,Compliance Achieved,Completed,8424 CALIFORNIA AVE SW,SEATTLE,WA,98136,https://cosaccela.seattle.gov/portal/customize/LinkToRecord.aspx?altId=1026347-VI,47.52775259,-122.38724968,"8424 CALIFORNIA AVE SW
SEATTLE, SEATTLE 98136
(47.52775259, -122.38724968)"
001222-14CP,Complaint,Request,Emergency,Caller advised her internet went out Friday and she contacted landlord. He said he would get fixed asap and then shut his phone off over the weekend. Today the power was shut off due to non payment. Caller advised that all utilities are included in their rent (she has 3 roomates on the top floor along with her) and there are several other tenants in the downstairs unit that will be affected as well.,2014-01-21,2014-01-21,Completed,Completed,4524 7TH AVE NE,SEATTLE,WA,98105,https://cosaccela.seattle.gov/portal/customize/LinkToRecord.aspx?altId=001222-14CP,47.66210142,-122.32046035,"4524 7TH AVE NE
SEATTLE, SEATTLE 98105
(47.66210142, -122.32046035)"
005401-18CP,Complaint,Request,,"Heavy moving equipment associated with construction at 3912 S Hudson St. ran over the lawn on my parking strip (in front of my house at 3918 S Hudson St. as well as my next door neighbors, 3916 S Hudson St.), compacting the soil and killing the grass.",2018-06-12,,,Completed,3912 S HUDSON ST,SEATTLE,WA,98118,https://cosaccela.seattle.gov/portal/customize/LinkToRecord.aspx?altId=005401-18CP,47.55726248,-122.28282644,"3912 S HUDSON ST
SEATTLE, SEATTLE 98118
(47.55726248, -122.28282644)"
1004104-TR,Tenant Relocation,Request,,Application for a Tenant Relocation License,2004-12-09,,,Completed,5008 11TH AVE NE,SEATTLE,WA,,https://cosaccela.seattle.gov/portal/customize/LinkToRecord.aspx?altId=1004104-TR,47.66568421,-122.31632469,"5008 11TH AVE NE
SEATTLE, SEATTLE
(47.66568421, -122.31632469)"
008064-17CP,Complaint,Request,Land Use,"per CSB complaint: SDCI - Enforce junk storage violation. ""Some one is dumping mattresses between 3829 mlk way jr south and south bradford st behind the dumpsters they are wet and rats are moving in. Please remove ASAP thank you""",2017-11-15,2017-12-13,Completed,Completed,2701 S BRADFORD ST,SEATTLE,WA,98108,https://cosaccela.seattle.gov/portal/customize/LinkToRecord.aspx?altId=008064-17CP,47.56902533,-122.29744134,"2701 S BRADFORD ST
SEATTLE, SEATTLE 98108
(47.56902533, -122.29744134)"
003422-12CP,Complaint,Request,Weeds,Low tree limbs obstructing sidewalk.,2012-07-23,,,Completed,5301 SAND POINT WAY NE,SEATTLE,WA,98105,https://cosaccela.seattle.gov/portal/customize/LinkToRecord.aspx?altId=003422-12CP,47.66828352,-122.27937404,"5301 SAND POINT WAY NE
SEATTLE, SEATTLE 98105
(47.66828352, -122.27937404)"
1003401-CT,Citation,Case,Land Use,"auto repair/inop  observed 2 vehicles in rear yard with hoods up and persons working on them. Contacted tenant and left warning. Tenant stated that one vehicle was inop, the others belonged to them.",2004-09-15,2005-06-21,Compliance Achieved,Completed,9730 57TH AVE S,SEATTLE,WA,98118,https://cosaccela.seattle.gov/portal/customize/LinkToRecord.aspx?altId=1003401-CT,47.51419406,-122.26178339,"9730 57TH AVE S
SEATTLE, SEATTLE 98118
(47.51419406, -122.26178339)"
007614-16CP,Complaint,Request,Construction,Property owner has removed parking (shared with 1960 26th Ave E) to accomodate new ADU. **Is off-street parking removal according to permit #6517751?**,2016-11-16,2016-11-21,Completed,Completed,1956 26TH AVE E,SEATTLE,WA,98112,https://cosaccela.seattle.gov/portal/customize/LinkToRecord.aspx?altId=007614-16CP,47.637437,-122.29913368,"1956 26TH AVE E
SEATTLE, SEATTLE 98112
(47.637437, -122.29913368)"
004681-16CP,Complaint,Request,Land Use,per online complaint: 10007 Radford Ave NW has a wood privacy fence beyond its property line on NW 100th Street. This ptivacy fence is at least 6 feet tall and 15 feet in width and it is situated in the middle of NW 100th Street. The width of NW 100th St at this location is 30 feet so half of the roadway is occupied.***Portion of fence appears to be on private property. Majority looks to be on unimproved ROW - likely to be SDOT referral***,2016-06-30,2016-07-11,Completed,Completed,10007 RADFORD AVE NW,SEATTLE,WA,98177,https://cosaccela.seattle.gov/portal/customize/LinkToRecord.aspx?altId=004681-16CP,47.7016564,-122.38225807,"10007 RADFORD AVE NW
SEATTLE, SEATTLE 98177
(47.7016564, -122.38225807)"
002566-13CP,Complaint,Request,Land Use,"Per online complaint: ""Outdoor storage on a poedestrian street. Located on 5th Ave next to Goodwill truck at Northgate Mall is a fenced in area with dumpster and machinery.""",2013-05-16,2013-05-24,Completed,Completed,301 NE NORTHGATE WAY,SEATTLE,WA,98125,https://cosaccela.seattle.gov/portal/customize/LinkToRecord.aspx?altId=002566-13CP,47.70619241,-122.32587611,"301 NE NORTHGATE WAY
SEATTLE, SEATTLE 98125
(47.70619241, -122.32587611)"
1023802-CT,Citation,Case,Weeds,"09/15/10 bg - Vegetation overgrown along 39th Ave S, photos taken",2010-09-16,2010-09-22,Compliance Achieved,Completed,3900 S CONOVER WAY,SEATTLE,WA,98118,https://cosaccela.seattle.gov/portal/customize/LinkToRecord.aspx?altId=1023802-CT,47.56190071,-122.28356321,"3900 S CONOVER WAY
SEATTLE, SEATTLE 98118
(47.56190071, -122.28356321)"
1026014-CT,Citation,Case,Land Use,8/26/11 KB inspected property and Land Use vio exists - junkObserved junk in driveway and in side yard.,2011-08-29,2012-02-09,Compliance Achieved,Completed,1765 17TH AVE S,SEATTLE,WA,98144,https://cosaccela.seattle.gov/portal/customize/LinkToRecord.aspx?altId=1026014-CT,47.58730788,-122.31087903,"1765 17TH AVE S
SEATTLE, SEATTLE 98144
(47.58730788, -122.31087903)"
001517-11CP,Complaint,Request,Weeds,"Per online complaint: ""Shrubs planted on the side of the property that fronts 40th Ave NE have grown tall and wide; the ability to see vehicles approaching the intersection from the left for vehicles traveling on NE 50th Street toward 40th Ave NE are difficult to see unless the driver pulls into the intersection.""",2011-02-22,2011-03-09,Completed,Completed,4001 NE 50TH ST,SEATTLE,WA,98105,https://cosaccela.seattle.gov/portal/customize/LinkToRecord.aspx?altId=001517-11CP,47.66465776,-122.28440228,"4001 NE 50TH ST
SEATTLE, SEATTLE 98105
(47.66465776, -122.28440228)"
001441-04CP,Complaint,Request,Land Use,Multiple cars in the front and back yard. Appears to be running a car repair business out of the home.BRIAN HAWKSFORD IS THE CONTACT PERSON FOR COUNCILMEMBER TOM RASMUSSEN'S OFFICE AND THE COMPLAINANT MRS. DAVIS @ 517 31ST AV E.,2004-02-12,2004-02-19,Completed,Completed,515 31ST AVE E,SEATTLE,WA,98112,https://cosaccela.seattle.gov/portal/customize/LinkToRecord.aspx?altId=001441-04CP,47.62411822,-122.292247,"515 31ST AVE E
SEATTLE, SEATTLE 98112
(47.62411822, -122.292247)"
1001451-CT,Citation,Case,Land Use,More than three vehicles parked on the premises,2004-02-10,2004-05-03,Compliance Achieved,Completed,6633 FLORA AVE S,SEATTLE,WA,98108,https://cosaccela.seattle.gov/portal/customize/LinkToRecord.aspx?altId=1001451-CT,47.54317647,-122.32067258,"6633 FLORA AVE S
SEATTLE, SEATTLE 98108
(47.54317647, -122.32067258)"
1016010-CT,Citation,Case,Weeds,Violation of Weeds & Veg Ord- Observed ivy overgrown into sidewalk.,2008-06-03,2008-10-08,Compliance Achieved,Completed,4120 SW OTHELLO ST,SEATTLE,WA,98136,https://cosaccela.seattle.gov/portal/customize/LinkToRecord.aspx?altId=1016010-CT,47.53818521,-122.38626743,"4120 SW OTHELLO ST
SEATTLE, SEATTLE 98136
(47.53818521, -122.38626743)"
004011-18CP,Complaint,Request,Weeds,WEEDS--How about the next step -so I don't have to keep sending these in ?04/02/2018 003151-18CP   Code Compliance Complaint 7300 57TH AVE NE SEATTLE 09/26/2017 006957-17CP   Code Compliance Complaint  7300 57TH AVE NE SEATTLE  Completed  Vegetation flyer mailed 09/28/17 - JH.,2018-05-07,,,Completed,7300 57th AVE NE,,,,https://cosaccela.seattle.gov/portal/customize/LinkToRecord.aspx?altId=004011-18CP,47.68128715,-122.26676572,"7300 57th AVE NE
(47.68128715, -122.26676572)"
004323-08CP,Complaint,Request,Construction,"Restaurant looks like it is enlarging the building, but has no permits.",2008-08-05,2008-08-12,Completed,Completed,1036 S JACKSON ST,SEATTLE,WA,98104,https://cosaccela.seattle.gov/portal/customize/LinkToRecord.aspx?altId=004323-08CP,47.59950019,-122.31851985,"1036 S JACKSON ST
SEATTLE, SEATTLE 98104
(47.59950019, -122.31851985)"
004689-04CP,Complaint,Request,Land Use,OUTDOOR STORAGE IN CARPORT AND BACK YARD,2004-11-09,2005-08-10,Completed,Completed,3025 NE 98TH ST,SEATTLE,WA,98115,https://cosaccela.seattle.gov/portal/customize/LinkToRecord.aspx?altId=004689-04CP,47.70003816,-122.29485458,"3025 NE 98TH ST
SEATTLE, SEATTLE 98115
(47.70003816, -122.29485458)"
007092-16CP,Complaint,Request,Construction,online: Dangerous excavation an Environmentally Critical Area.,2016-10-14,2016-10-25,Completed,Completed,3042 15TH AVE W,SEATTLE,WA,98119,https://cosaccela.seattle.gov/portal/customize/LinkToRecord.aspx?altId=007092-16CP,47.64784728,-122.37585809,"3042 15TH AVE W
SEATTLE, SEATTLE 98119
(47.64784728, -122.37585809)"
1020321-VI,Notice of Violation,Case,Construction,CONSTRUCTION (BUILDING UP) WITHOUT PERMITS,2009-08-19,2009-11-19,Compliance Achieved,Completed,8511 9TH AVE NW,SEATTLE,WA,98117,https://cosaccela.seattle.gov/portal/customize/LinkToRecord.aspx?altId=1020321-VI,47.69111292,-122.36861326,"8511 9TH AVE NW
SEATTLE, SEATTLE 98117
(47.69111292, -122.36861326)"
001952-16CP,Complaint,Request,Weeds,Per online complaint- Vegetation from their property is encroaching on the sidewalk and in one place overhanging on the sidewalk.,2016-02-29,,,Completed,1728 NE 62ND ST,SEATTLE,WA,98115,https://cosaccela.seattle.gov/portal/customize/LinkToRecord.aspx?altId=001952-16CP,47.6736111,-122.30868569,"1728 NE 62ND ST
SEATTLE, SEATTLE 98115
(47.6736111, -122.30868569)"
1006075-VI,Notice of Violation,Case,Weeds,weeping willow tree overhanging into street.  Difficult for cars to pass by.  Also caller asked to please check the alley for overgrowth.,2005-08-16,2005-09-07,Compliance Achieved,Completed,541 30TH AVE S,SEATTLE,WA,98144,https://cosaccela.seattle.gov/portal/customize/LinkToRecord.aspx?altId=1006075-VI,47.59685419,-122.29414819,"541 30TH AVE S
SEATTLE, SEATTLE 98144
(47.59685419, -122.29414819)"
1003164-CT,Citation,Case,Land Use,Observed inop vehicle (flt tires) in driveway. Tk photos.,2004-08-16,2004-09-03,Compliance Achieved,Completed,3206 S IRVING ST,SEATTLE,WA,98144,https://cosaccela.seattle.gov/portal/customize/LinkToRecord.aspx?altId=1003164-CT,47.59142115,-122.29097578,"3206 S IRVING ST
SEATTLE, SEATTLE 98144
(47.59142115, -122.29097578)"
001206-04CP,Complaint,Request,Land Use,"FURNITURE, PARTS OF APPLIANCES, 2 INOPS - HOOD MISSING ON ONE, FLAT TIRE ON THE OTHER - IN THE BACK YARD.  VISIBLE FROM ALLEY.",2004-01-23,2004-02-06,Completed,Completed,5007 38TH AVE SW,SEATTLE,WA,98126,https://cosaccela.seattle.gov/portal/customize/LinkToRecord.aspx?altId=001206-04CP,47.55715519,-122.38056443,"5007 38TH AVE SW
SEATTLE, SEATTLE 98126
(47.55715519, -122.38056443)"
002071-14CP,Complaint,Request,Noise,"Per online complaint ""The new condos being built across the steeet from me are driving me and my neighbors crazy. The construction workers arrive around 630 am and start screaming to each other and starting their trucks. From then on there is no piece till 3 pm.""",2014-03-27,2014-04-08,Completed,Completed,422 SUMMIT AVE E,SEATTLE,WA,98102,https://cosaccela.seattle.gov/portal/customize/LinkToRecord.aspx?altId=002071-14CP,47.62266793,-122.32502507,"422 SUMMIT AVE E
SEATTLE, SEATTLE 98102
(47.62266793, -122.32502507)"
1027544-VI,Notice of Violation,Case,Construction,"Per online complaint: ""Construction without permit at the site of the Italian Spaghetti House on Lake City Way. I don't see a permit and yet they are constructing an espresso stand in the parking lot.""",2012-06-01,2012-10-29,Compliance Achieved,Completed,9824 LAKE CITY WAY NE,SEATTLE,WA,98115,https://cosaccela.seattle.gov/portal/customize/LinkToRecord.aspx?altId=1027544-VI,47.70068273,-122.302557,"9824 LAKE CITY WAY NE
SEATTLE, SEATTLE 98115
(47.70068273, -122.302557)"
1007983-VI,Notice of Violation,Case,Construction,BUILDING A LARGE DETACHED STRUCTURE WITHOUT A PERMIT IN THE BACK YARD THAT IS RIGHT UP TO THE PROPERTY LINE.,2006-03-29,2009-08-14,Compliance Achieved,Completed,2324 41ST AVE SW,SEATTLE,WA,98116,https://cosaccela.seattle.gov/portal/customize/LinkToRecord.aspx?altId=1007983-VI,47.58271162,-122.38357254,"2324 41ST AVE SW
SEATTLE, SEATTLE 98116
(47.58271162, -122.38357254)"
1005128-VI,Notice of Violation,Case,Land Use,Man holding garage sales almost every weekend and sometimes on weekdays. Call complainant first--she is willing and able to alert the inspector as to when garage sales occur on weekdays.,2005-05-04,2005-06-24,Compliance Achieved,Completed,424 BELMONT AVE E,SEATTLE,WA,98102,https://cosaccela.seattle.gov/portal/customize/LinkToRecord.aspx?altId=1005128-VI,47.62276719,-122.32378962,"424 BELMONT AVE E
SEATTLE, SEATTLE 98102
(47.62276719, -122.32378962)"
1036709-VI,Notice of Violation,Case,,,2016-02-09,2016-01-14,Compliance Achieved,Completed,3200 NE 137TH ST,SEATTLE,WA,98125,https://cosaccela.seattle.gov/portal/customize/LinkToRecord.aspx?altId=1036709-VI,47.72848502,-122.29322181,"3200 NE 137TH ST
SEATTLE, SEATTLE 98125
(47.72848502, -122.29322181)"
004852-18CP,Complaint,Request,Shoreline,SHORELINE - SHORT TERM RENTALSLIP I,2018-05-23,,,Under Investigation,2017 FAIRVIEW AVE E,SEATTLE,WA,98102,https://cosaccela.seattle.gov/portal/customize/LinkToRecord.aspx?altId=004852-18CP,47.63727005,-122.33007462,"2017 FAIRVIEW AVE E
SEATTLE, SEATTLE 98102
(47.63727005, -122.33007462)"
005427-07CP,Complaint,Request,Land Use,Plywood fence over 8' tall along south side of house. Treehouse at NE corner blocks drivers' views of traffic.,2007-11-01,2007-11-06,Completed,Completed,11757 NORTH PARK AVE N,SEATTLE,WA,98133,https://cosaccela.seattle.gov/portal/customize/LinkToRecord.aspx?altId=005427-07CP,47.71577761,-122.34928227,"11757 NORTH PARK AVE N
SEATTLE, SEATTLE 98133
(47.71577761, -122.34928227)"
003910-18CP,Complaint,Request,Land Use,ZONING/LU--Two inoperable junked vehicles on property.,2018-05-02,2018-05-18,Completed,Completed,7731 34th AVE NE,,,,https://cosaccela.seattle.gov/portal/customize/LinkToRecord.aspx?altId=003910-18CP,47.68581355,-122.29200683,"7731 34th AVE NE
(47.68581355, -122.29200683)"
002479-15CP,Complaint,Request,Land Use,"Per online complaint: ""There is a large pile of garbage in the backyard. Several large bags of garbage. Paint cans. Broken household items. Animals have started spreading it around.""",2015-04-06,2015-04-08,Completed,Completed,10105 4TH AVE NW,SEATTLE,WA,98177,https://cosaccela.seattle.gov/portal/customize/LinkToRecord.aspx?altId=002479-15CP,47.70264537,-122.36219528,"10105 4TH AVE NW
SEATTLE, SEATTLE 98177
(47.70264537, -122.36219528)"
001950-15CP,Complaint,Request,Land Use,Per Illegal Dumping forwarded e-mail - PEOPLE AT BELAY APTS LEAVING MATTRESSES AT DUMPSTERS AND THEY ARE NOT BEING PICKED UP BY THE GARBAGE TRUCKS,2015-03-04,2015-03-17,Completed,Completed,6559 15TH AVE NW,SEATTLE,WA,98117,https://cosaccela.seattle.gov/portal/customize/LinkToRecord.aspx?altId=001950-15CP,47.67758399,-122.37702986,"6559 15TH AVE NW
SEATTLE, SEATTLE 98117
(47.67758399, -122.37702986)"
004133-16CP,Complaint,Request,,"online: The fire alarm in the lobby continually goes off when the outside temperature rises above 80 degrees and management, Amy Kramer, has been made aware of the situation and will not do anything to rectify the situation. The alarm will continue to go off until someone on staff turns it off manually.",2016-06-08,2016-06-16,Completed,Completed,4600 36TH AVE SW,SEATTLE,WA,98126,https://cosaccela.seattle.gov/portal/customize/LinkToRecord.aspx?altId=004133-16CP,47.56189182,-122.3770725,"4600 36TH AVE SW
SEATTLE, SEATTLE 98126
(47.56189182, -122.3770725)"
1038642-VI,Notice of Violation,Case,Vacant Building,"Per online complaint: ""Damaged/dangerous building (missing windows, railings, roof, siding) - vacant building open to entry(?) There are several windows on the second floor that are missing, others are boarded up. Outdoor storage of junk. The house looks like it's about to fall over and seems to be a safety hazard.""",2016-10-14,2016-10-26,Compliance Achieved,Completed,1626 S LANE ST,SEATTLE,WA,98144,https://cosaccela.seattle.gov/portal/customize/LinkToRecord.aspx?altId=1038642-VI,47.59688392,-122.31029317,"1626 S LANE ST
SEATTLE, SEATTLE 98144
(47.59688392, -122.31029317)"
1032530-CT,Citation,Case,Weeds,"Weed and Vegetation Ordinance Violation - vegetation presenting a hazard obstructing handrail for public stairs adjacent to property,",2014-07-29,2014-09-05,Compliance Achieved,Completed,303 W HIGHLAND DR,SEATTLE,WA,98119,https://cosaccela.seattle.gov/portal/customize/LinkToRecord.aspx?altId=1032530-CT,47.62935077,-122.3608148,"303 W HIGHLAND DR
SEATTLE, SEATTLE 98119
(47.62935077, -122.3608148)"
002469-06CP,Complaint,Request,Emergency,There is no electricity in Apartmen #10 and water service has not yet been restore.,2006-05-08,2006-05-09,Completed,Completed,7011 LINDEN AVE N,SEATTLE,WA,98103,https://cosaccela.seattle.gov/portal/customize/LinkToRecord.aspx?altId=002469-06CP,47.67997963,-122.34753956,"7011 LINDEN AVE N
SEATTLE, SEATTLE 98103
(47.67997963, -122.34753956)"
003396-04CP,Complaint,Request,Vacant Building,Vacant house open to entry - broken window north side.  Animals coming/going from house.  Debris on lot.  Dead tree laying on front yard.,2004-07-22,2004-07-26,Completed,Completed,12319 3RD AVE NE,SEATTLE,WA,98125,https://cosaccela.seattle.gov/portal/customize/LinkToRecord.aspx?altId=003396-04CP,47.71830349,-122.3265613,"12319 3RD AVE NE
SEATTLE, SEATTLE 98125
(47.71830349, -122.3265613)"
1005356-CT,Citation,Case,Land Use,observed zoning violation,2005-05-27,2005-06-16,Compliance Achieved,Completed,9743 EVANSTON AVE N,SEATTLE,WA,98103,https://cosaccela.seattle.gov/portal/customize/LinkToRecord.aspx?altId=1005356-CT,47.70089974,-122.35156458,"9743 EVANSTON AVE N
SEATTLE, SEATTLE 98103
(47.70089974, -122.35156458)"
1026320-VI,Notice of Violation,Case,Emergency,Complainant is a tenant who stated she is renting this condo from an owner who is in the middle of a dispute with the HOA and a HOA assocation member turned off the power to her unit completely.,2011-10-14,2011-10-17,Compliance Achieved,Completed,9000 25TH AVE SW,SEATTLE,WA,98106,https://cosaccela.seattle.gov/portal/customize/LinkToRecord.aspx?altId=1026320-VI,47.52141999,-122.36427468,"9000 25TH AVE SW
SEATTLE, SEATTLE 98106
(47.52141999, -122.36427468)"
003397-14CP,Complaint,Request,Vacant Building,Vacant for two years. Junk storage/refridgerator left on driveway/box of junk/broken window on side of house.  No signs of forced entry.,2014-06-23,2014-07-01,Completed,Completed,5405 S LUCILE ST,SEATTLE,WA,98118,https://cosaccela.seattle.gov/portal/customize/LinkToRecord.aspx?altId=003397-14CP,47.5521858,-122.26591476,"5405 S LUCILE ST
SEATTLE, SEATTLE 98118
(47.5521858, -122.26591476)"
005568-14CP,Complaint,Request,Land Use,"Junk storage located on the planting strip and on the parcel itself. This includes clothing, garbage misc. debris.",2014-10-09,2014-10-14,Completed,Completed,400 BROADWAY E,SEATTLE,WA,98102,https://cosaccela.seattle.gov/portal/customize/LinkToRecord.aspx?altId=005568-14CP,47.6222557,-122.32060725,"400 BROADWAY E
SEATTLE, SEATTLE 98102
(47.6222557, -122.32060725)"
004035-17CP,Complaint,Request,Weeds,PER PHONE COMPLAINT: overgrown vegetaion.,2017-06-13,,,Completed,1628 N 53RD ST,SEATTLE,WA,98103,https://cosaccela.seattle.gov/portal/customize/LinkToRecord.aspx?altId=004035-17CP,47.66740303,-122.33720949,"1628 N 53RD ST
SEATTLE, SEATTLE 98103
(47.66740303, -122.33720949)"
005758-18CP,Complaint,Request,Weeds,"Per CSB: Overgrown vegetation. The bushes at the edge of this parking strip are massively overgrown and people are using this as a dumping ground and sleeping/hiding spot for drug use. The bushes are so out of control that drivers approaching this pullout cannot see oncoming pedestrians on the sidewalk without pulling forward onto the crosswalk itself. It has become a very dangerous spot for several reasons, especially at night.",2018-04-19,,,Completed,2224 1ST AVE S,SEATTLE,WA,98134,https://cosaccela.seattle.gov/portal/customize/LinkToRecord.aspx?altId=005758-18CP,47.58312278,-122.33365443,"2224 1ST AVE S
SEATTLE, SEATTLE 98134
(47.58312278, -122.33365443)"
002978-04CP,Complaint,Request,Construction,Tree cutting w/o permit on east side of 5600 block of Beach Dr. SW.,2004-06-21,2004-06-23,Completed,Completed,,,,,https://cosaccela.seattle.gov/portal/customize/LinkToRecord.aspx?altId=002978-04CP,,,
1024870-CT,Citation,Case,Land Use,"VIOLATION OF THE SEATTLE LAND USE AND ZONING CODE OBSERVED(TARPS, PAPER BOXES, ROOFING DEBRIS AND LUMBER IN YARDS)) TOOK PHOTO.",2011-02-15,2011-04-08,Compliance Achieved,Completed,5512 17TH AVE NE,SEATTLE,WA,98105,https://cosaccela.seattle.gov/portal/customize/LinkToRecord.aspx?altId=1024870-CT,47.66896404,-122.30914247,"5512 17TH AVE NE
SEATTLE, SEATTLE 98105
(47.66896404, -122.30914247)"
003606-18CP,Complaint,Request,Land Use,Per SERIS: Illegal encampment. Sleeper in Seattle store. Picture shows one tent and personal belongings at the entrance door.,2018-04-19,,,Completed,4736 CALIFORNIA AVE SW,SEATTLE,WA,98116,https://cosaccela.seattle.gov/portal/customize/LinkToRecord.aspx?altId=003606-18CP,47.55992256,-122.38648898,"4736 CALIFORNIA AVE SW
SEATTLE, SEATTLE 98116
(47.55992256, -122.38648898)"
004613-06CP,Complaint,Request,Weeds,Planter box in planting strip is overgrown and may be encroaching onto ROW.,2006-09-29,2006-10-12,Completed,Completed,3541 NE 123RD ST,SEATTLE,WA,98125,https://cosaccela.seattle.gov/portal/customize/LinkToRecord.aspx?altId=004613-06CP,47.71718283,-122.28958854,"3541 NE 123RD ST
SEATTLE, SEATTLE 98125
(47.71718283, -122.28958854)"
004927-12CP,Complaint,Request,,No heat for 2 months and various HBMC violations - see attached email.,2012-10-24,2012-10-24,Completed,Completed,7107 55TH AVE S,SEATTLE,WA,98118,https://cosaccela.seattle.gov/portal/customize/LinkToRecord.aspx?altId=004927-12CP,47.53857245,-122.26484739,"7107 55TH AVE S
SEATTLE, SEATTLE 98118
(47.53857245, -122.26484739)"
005867-18CP,Complaint,Request,,vegetation overgrowth onto the ROW of sidewalk.,2018-06-26,2018-06-26,Completed,Completed,510 N 105TH ST,SEATTLE,WA,98133,https://cosaccela.seattle.gov/portal/customize/LinkToRecord.aspx?altId=005867-18CP,47.70520603,-122.35226259,"510 N 105TH ST
SEATTLE, SEATTLE 98133
(47.70520603, -122.35226259)"
006390-18CP,Complaint,Request,Construction,"CONSTRUCTION--per online--The information given prior to construction beginning was that a 3-story apartment building was going to be built. In effect, it is now a 4-story building. What is the legality of this?",2018-07-11,,,Completed,1918 5TH AVE N,SEATTLE,WA,98109,https://cosaccela.seattle.gov/portal/customize/LinkToRecord.aspx?altId=006390-18CP,47.63623749,-122.34695162,"1918 5TH AVE N
SEATTLE, SEATTLE 98109
(47.63623749, -122.34695162)"
1030365-CT,Citation,Case,Land Use,08/19/13 dw land use violation,2013-08-22,2013-10-16,Compliance Achieved,Completed,107 NW 62ND ST,SEATTLE,WA,98107,https://cosaccela.seattle.gov/portal/customize/LinkToRecord.aspx?altId=1030365-CT,47.67388358,-122.35786461,"107 NW 62ND ST
SEATTLE, SEATTLE 98107
(47.67388358, -122.35786461)"
004177-15CP,Complaint,Request,Weeds,"""Per online complaint"" Vegetation obscuring traffic sign/intersection or forcing pedestrians off the sidewalk into street / Vegetation from private property/planting strip overhanging or encroaching on street, alley, or sidewalk : 1/3 of sidewalk covered with vegetation and blackberries--which are a hazard. Rats, too.",2015-06-25,,,Completed,5108 26TH AVE NE,SEATTLE,WA,98105,https://cosaccela.seattle.gov/portal/customize/LinkToRecord.aspx?altId=004177-15CP,47.66675556,-122.29926859,"5108 26TH AVE NE
SEATTLE, SEATTLE 98105
(47.66675556, -122.29926859)"
004124-06CP,Complaint,Request,Construction,Complainant says trees were removed from this site without a permit originally and that some kind of Stop Work Order (SWO) was issued. No evidence of SWO in DPD's databases.Please confirm that all required trees have been planted per Permit 743691 (renewed by 6105631).,2006-08-29,2006-08-31,Completed,Completed,3779 S PERRY ST,SEATTLE,WA,98118,https://cosaccela.seattle.gov/portal/customize/LinkToRecord.aspx?altId=004124-06CP,47.51458466,-122.28276973,"3779 S PERRY ST
SEATTLE, SEATTLE 98118
(47.51458466, -122.28276973)"
1005761-VI,Notice of Violation,Case,Vacant Building,the house is vacant and the over grown grass in the parking strip is obstructing visibility,2005-07-11,2005-07-18,Compliance Achieved,Completed,3056 23RD AVE W,SEATTLE,WA,98199,https://cosaccela.seattle.gov/portal/customize/LinkToRecord.aspx?altId=1005761-VI,47.6482457,-122.38571356,"3056 23RD AVE W
SEATTLE, SEATTLE 98199
(47.6482457, -122.38571356)"
002294-13CP,Complaint,Request,Weeds,"Please sent a vegetation flyer to these properties. Minor encroachment, but not hazardous.",2013-04-25,,,Completed,2632 28TH AVE W,SEATTLE,WA,98199,https://cosaccela.seattle.gov/portal/customize/LinkToRecord.aspx?altId=002294-13CP,47.64444611,-122.39268014,"2632 28TH AVE W
SEATTLE, SEATTLE 98199
(47.64444611, -122.39268014)"
003427-13CP,Complaint,Request,Land Use,"Per online complaint ""Garbage, including food, and trash strewn over parking area in rear of building. Covers approximately 50 square feet. Amazing mess, rotting in the sun for two weeks.""",2013-07-02,2013-07-12,Completed,Completed,5200 11TH AVE NE,SEATTLE,WA,98105,https://cosaccela.seattle.gov/portal/customize/LinkToRecord.aspx?altId=003427-13CP,246666.031,1275082.688,"5200 11TH AVE NE
SEATTLE, SEATTLE 98105
(246666.031, 1275082.688)"
001791-18CP,Complaint,Request,Land Use,"Unauthorized use of driveway into parking lot of the apartment building mid-block on N 86th St. During construstion, the original owner intended to create drivethrough to the north of the the building in order for drivers to access parking and also to create a thoroughfare between N 85th St & N 86th St. However, DCLU staff members would not permit it, which was the same conclusion decided upon by the City's Board of Adjustment. The driveway area to the north of the property was previously fence",2018-02-08,2018-03-13,Completed,Completed,730 N 85TH ST,SEATTLE,WA,98103,https://cosaccela.seattle.gov/portal/customize/LinkToRecord.aspx?altId=001791-18CP,47.69084082,-122.34835476,"730 N 85TH ST
SEATTLE, SEATTLE 98103
(47.69084082, -122.34835476)"
1039989-VI,Notice of Violation,Case,Land Use,"Junk storage all over, mattresses and 2big bins.",2017-04-19,2017-05-17,Compliance Achieved,Completed,3716 S ANGELINE ST,SEATTLE,WA,98118,https://cosaccela.seattle.gov/portal/customize/LinkToRecord.aspx?altId=1039989-VI,47.55977771,-122.28519281,"3716 S ANGELINE ST
SEATTLE, SEATTLE 98118
(47.55977771, -122.28519281)"
005450-07CP,Complaint,Request,Land Use,"per complaint dated on 11/1/2007-""inoperable vehicles and auto parts.""",2007-11-02,2007-11-19,Completed,Completed,1532 12TH AVE S,SEATTLE,WA,98144,https://cosaccela.seattle.gov/portal/customize/LinkToRecord.aspx?altId=005450-07CP,47.58901308,-122.31689544,"1532 12TH AVE S
SEATTLE, SEATTLE 98144
(47.58901308, -122.31689544)"
1041255-VI,Notice of Violation,Case,Construction,"Per 7/20/17 online complaint:  ""Two signs that should be removed: 1) 'Children Castle Day Care' sign. This is out of business due to criminal activity. See: http://spdblotter.seattle.gov/2016/01/15/self-proclaimed-young-codeine-king-arrested-after-pharmacy-robbery/ 2) A 30 minute load and unload sign, similarly invalid."" since 06/17/2016***""Children Castle Day Care"" sign should be removed - per complainant day care is no longer in business (for over a year)***",2017-09-12,2017-09-21,Compliance Achieved,Completed,4667 S WILLOW ST,SEATTLE,WA,98118,https://cosaccela.seattle.gov/portal/customize/LinkToRecord.aspx?altId=1041255-VI,47.54051557,-122.27247985,"4667 S WILLOW ST
SEATTLE, SEATTLE 98118
(47.54051557, -122.27247985)"
1008416-VI,Notice of Violation,Case,,"Furnace thermostat does not work; must push reset button on furnance to get heat.  Basement wallboard is bowed and damp from flooding; carpeting is damp.  Mold and mildew in evidence where the basement floor meets the wall.  Roof leaks--can see water spotting on ceiling in back porch. Do not have have access to hot water tank--water temperature is very, very hot.  There are permanent bars on all windows in all bedrooms up stairs; windows are also painted shut.",2006-05-15,2006-07-26,Compliance Achieved,Completed,8452 47TH AVE S,SEATTLE,WA,98118,https://cosaccela.seattle.gov/portal/customize/LinkToRecord.aspx?altId=1008416-VI,47.52686197,-122.27311288,"8452 47TH AVE S
SEATTLE, SEATTLE 98118
(47.52686197, -122.27311288)"
1004134-VI,Notice of Violation,Case,Construction,GUTTED THE ENTIRE INSIDE OF THE BUILDING AND CHANGING THE USE FROM AN APARTMENT TO SOME TYPE OF MORTGAGE LOAN CO WITHOUT A PERMIT.,2004-12-15,2006-01-18,Compliance Achieved,Completed,7025 CALIFORNIA AVE SW,SEATTLE,WA,98136,https://cosaccela.seattle.gov/portal/customize/LinkToRecord.aspx?altId=1004134-VI,47.54005298,-122.3876034,"7025 CALIFORNIA AVE SW
SEATTLE, SEATTLE 98136
(47.54005298, -122.3876034)"
003660-08CP,Complaint,Request,Noise,LOUD NOISE FROM DEMOLITION STARTS BETWEEN 6:15 AND 6:30 EACH MORNING--PERMIT #6133149,2008-07-01,2008-07-02,Completed,Completed,901 W MCGRAW ST,SEATTLE,WA,98119,https://cosaccela.seattle.gov/portal/customize/LinkToRecord.aspx?altId=003660-08CP,47.63945862,-122.36929512,"901 W MCGRAW ST
SEATTLE, SEATTLE 98119
(47.63945862, -122.36929512)"
1027229-VI,Notice of Violation,Case,Vacant Building,"Long term vacant building, open w/ transients using the building, roof is has large holes and the rear door is open.",2012-04-05,2013-05-22,Compliance Achieved,Completed,9419 17TH AVE SW,SEATTLE,WA,98106,https://cosaccela.seattle.gov/portal/customize/LinkToRecord.aspx?altId=1027229-VI,47.51860636,-122.35680225,"9419 17TH AVE SW
SEATTLE, SEATTLE 98106
(47.51860636, -122.35680225)"
002358-08CP,Complaint,Request,,"Per online complaint:""house is sliding down hill into street, black molds on inside of house.""",2008-04-17,2008-04-25,Completed,Completed,4750 23RD AVE SW,SEATTLE,WA,98106,https://cosaccela.seattle.gov/portal/customize/LinkToRecord.aspx?altId=002358-08CP,47.55961721,-122.36128684,"4750 23RD AVE SW
SEATTLE, SEATTLE 98106
(47.55961721, -122.36128684)"
1028095-VI,Notice of Violation,Case,Land Use,Prop owner RENTS THE GARAGE LOCATED AT THE REAR OF  THIS PROPERTY TO A PERSON DOING LAWNMOWER REPAIRS---GARAGE IS ACCESSED OFF OF ALLEY,2012-08-28,2012-10-08,Compliance Achieved,Completed,10244 31ST AVE SW,SEATTLE,WA,98146,https://cosaccela.seattle.gov/portal/customize/LinkToRecord.aspx?altId=1028095-VI,47.51065141,-122.37135373,"10244 31ST AVE SW
SEATTLE, SEATTLE 98146
(47.51065141, -122.37135373)"
1020852-CT,Citation,Case,Weeds,"VIOLATION OF THE SEATLE LAND USE AND ZONING CODE OBSERVED (MORE THAN 3 VEHICLES IN YARDS;METAL, PLASTIC AND OTHER JUNK STORAGE IN YARDS).",2009-10-13,,,Completed,1057 S DONOVAN ST,SEATTLE,WA,98108,https://cosaccela.seattle.gov/portal/customize/LinkToRecord.aspx?altId=1020852-CT,47.52540607,-122.31781937,"1057 S DONOVAN ST
SEATTLE, SEATTLE 98108
(47.52540607, -122.31781937)"
003155-17CP,Complaint,Request,Land Use,csb - junk storage on the property,2017-05-05,2017-05-11,Completed,Completed,1225 S CLOVERDALE ST,SEATTLE,WA,98108,https://cosaccela.seattle.gov/portal/customize/LinkToRecord.aspx?altId=003155-17CP,47.52625323,-122.31648049,"1225 S CLOVERDALE ST
SEATTLE, SEATTLE 98108
(47.52625323, -122.31648049)"
004977-10CP,Complaint,Request,Land Use,"Per online complaint: ""Berry bushes growing out over sidewalk. Trucks parking on lot.""",2010-10-20,2010-11-04,Completed,Completed,2119 6TH AVE,SEATTLE,WA,,https://cosaccela.seattle.gov/portal/customize/LinkToRecord.aspx?altId=004977-10CP,,,"2119 6TH AVE
SEATTLE, SEATTLE"
004895-11CP,Complaint,Request,Construction,OWNER IS DIGGING ON STEEP SLOPE AND DESTABILIZING THE PART OF SLOPE ADJACENT TO NEIGHBOR AT 10746 DENSMORE--IN 2007 THERE WAS A SLIDE AT THIS SITE AND OWNER WAS TOLD TO GET A GEOTECH BEFORE DOING ANYTHIN ON SLOPE,2011-10-31,2011-10-31,Completed,Completed,10742 DENSMORE AVE N,SEATTLE,WA,98133,https://cosaccela.seattle.gov/portal/customize/LinkToRecord.aspx?altId=004895-11CP,47.70813367,-122.33726848,"10742 DENSMORE AVE N
SEATTLE, SEATTLE 98133
(47.70813367, -122.33726848)"
003255-17CP,Complaint,Request,Construction,PER ONLINE COMPLAINT: Construction without permits Clearing or grading without permits,2017-05-11,2017-05-16,Completed,Completed,7730 22ND AVE NE,SEATTLE,WA,98115,https://cosaccela.seattle.gov/portal/customize/LinkToRecord.aspx?altId=003255-17CP,47.68577469,-122.3038578,"7730 22ND AVE NE
SEATTLE, SEATTLE 98115
(47.68577469, -122.3038578)"
006205-18CP,Complaint,Request,Vacant Building,VB--per CSB-Garbage all over private property--Additional Instructions: I doubt this meets junk storage but the property is vacant and the building appears to have a history.,2018-06-29,,,Under Investigation,12303 15th AVE NE,SEATTLE,WA,98125,https://cosaccela.seattle.gov/portal/customize/LinkToRecord.aspx?altId=006205-18CP,47.71776067,-122.31313911,"12303 15th AVE NE
SEATTLE, SEATTLE 98125
(47.71776067, -122.31313911)"
1004535-VI,Notice of Violation,Case,Land Use,"ONLINE COMPLAINT DATED- Property does not meet transparency requirement on either 2nd Avenue or Battery Street. Zoned DMR, requires 60% on 2nd Avenue and 30% on Battery Street. Now has zero transparency.ASSIGN TO CLAY PER CLAY",2005-02-17,2005-09-26,Compliance Achieved,Completed,2330 2ND AVE,SEATTLE,WA,98121,https://cosaccela.seattle.gov/portal/customize/LinkToRecord.aspx?altId=1004535-VI,47.61484894,-122.34666965,"2330 2ND AVE
SEATTLE, SEATTLE 98121
(47.61484894, -122.34666965)"
1028458-VI,Notice of Violation,Case,Land Use,"Storing heavy equipment and construction materials on residentially zoned property. See related complaints for 1515, 1517 & 1527 Valentine Pl S.",2012-10-19,2014-08-15,Compliance Achieved,Completed,1521 VALENTINE PL S,SEATTLE,WA,98144,https://cosaccela.seattle.gov/portal/customize/LinkToRecord.aspx?altId=1028458-VI,47.5890219,-122.30763872,"1521 VALENTINE PL S
SEATTLE, SEATTLE 98144
(47.5890219, -122.30763872)"
006572-16CP,Complaint,Request,Vacant Building,per handwritten complaint: open to entry,2016-09-20,2016-09-23,Completed,Completed,2704 SW KENYON ST,SEATTLE,WA,98126,https://cosaccela.seattle.gov/portal/customize/LinkToRecord.aspx?altId=006572-16CP,47.53213612,-122.36778807,"2704 SW KENYON ST
SEATTLE, SEATTLE 98126
(47.53213612, -122.36778807)"
003957-04CP,Complaint,Request,Construction,"ONLINE COMPLAINT- Outbuilding is too close to fence and not to code and owner has refused to remove it - Homeowner is also constructing a NEW0 retaining wall without permits or compliance to building code - retaining wall is too close to fence and will raise the level of his yard to an unnatural, unsightly level that will completely destroy any privacy in our abutting side yard; owner is raising the level of his yard above our six foot privacy fence. Owner has large amounts of garbage, construc",2004-09-03,2004-09-15,Completed,Completed,234 21ST AVE E,SEATTLE,WA,98112,https://cosaccela.seattle.gov/portal/customize/LinkToRecord.aspx?altId=003957-04CP,47.62124486,-122.30441983,"234 21ST AVE E
SEATTLE, SEATTLE 98112
(47.62124486, -122.30441983)"
003946-16CP,Complaint,Request,,the only elevator in the building has been shut down for a month. Tenants reached out to the property management - no progress.,2016-06-01,2016-06-06,Completed,Completed,5016 CALIFORNIA AVE SW,SEATTLE,WA,98136,https://cosaccela.seattle.gov/portal/customize/LinkToRecord.aspx?altId=003946-16CP,47.55694504,-122.38653862,"5016 CALIFORNIA AVE SW
SEATTLE, SEATTLE 98136
(47.55694504, -122.38653862)"
1041935-VI,Notice of Violation,Case,Land Use,PER ONLINE COMPLAINT: Large amounts of garbage are piling up in the backyard.,2017-12-04,,,NOV Issued,1730 19TH AVE,SEATTLE,WA,98122,https://cosaccela.seattle.gov/portal/customize/LinkToRecord.aspx?altId=1041935-VI,47.6177138,-122.30717354,"1730 19TH AVE
SEATTLE, SEATTLE 98122
(47.6177138, -122.30717354)"
001937-04CP,Complaint,Request,Vacant Building,"Transients living in vacant 5-unit apt complex.  They are entering thru open back door, bottom level, visible from alley.",2004-03-24,2004-03-25,Completed,Completed,3924 LINDEN AVE N,SEATTLE,WA,98103,https://cosaccela.seattle.gov/portal/customize/LinkToRecord.aspx?altId=001937-04CP,47.65492058,-122.34838128,"3924 LINDEN AVE N
SEATTLE, SEATTLE 98103
(47.65492058, -122.34838128)"
006253-14CP,Complaint,Request,Construction,"Per inspector: ""Grading in an ECA w/o any permits""Online complaint was filed and zoning SR 53192 created. At inspection H/Z inspector noted that trees had been cut and vegetation removed and dirt being moved at 3636 24th AVE W in ECA with no permits. Address had old case for same type of violation in 2008. Visible from the alley",2014-12-02,2015-02-02,Completed,Completed,3636 24TH AVE W,SEATTLE,WA,98199,https://cosaccela.seattle.gov/portal/customize/LinkToRecord.aspx?altId=006253-14CP,47.65326745,-122.38720456,"3636 24TH AVE W
SEATTLE, SEATTLE 98199
(47.65326745, -122.38720456)"
004360-14CP,Complaint,Request,Noise,"Per Online: ""The owner diagonally across the street is remodeling his kitchen. The hammering and sawing has gone on since June. It occurs almost daily and in the evenings from about 7 pm until midnight. It is loud. The room acts as a resonating chamber. We are often awaked by this late night noise.""",2014-08-13,2014-08-14,Completed,Completed,3414 40TH AVE W,SEATTLE,WA,98199,https://cosaccela.seattle.gov/portal/customize/LinkToRecord.aspx?altId=004360-14CP,47.65102742,-122.40761285,"3414 40TH AVE W
SEATTLE, SEATTLE 98199
(47.65102742, -122.40761285)"
004944-12CP,Complaint,Request,Construction,CONSTRUCTING A LARGE ASSESSORY STRUCTURE IN REAR YARD W/O PERMIT,2012-10-25,2012-10-26,Completed,Completed,4418 1ST AVE NW,SEATTLE,WA,98103,https://cosaccela.seattle.gov/portal/customize/LinkToRecord.aspx?altId=004944-12CP,47.66048856,-122.35692057,"4418 1ST AVE NW
SEATTLE, SEATTLE 98103
(47.66048856, -122.35692057)"
002872-05CP,Complaint,Request,Land Use,Neighbor running power planner constantly.Nieghbor appears to be running a business out of his house.,2005-06-20,2005-07-05,Completed,Completed,6538 JONES AVE NW,SEATTLE,WA,98117,https://cosaccela.seattle.gov/portal/customize/LinkToRecord.aspx?altId=002872-05CP,47.67703674,-122.38621639,"6538 JONES AVE NW
SEATTLE, SEATTLE 98117
(47.67703674, -122.38621639)"
1023105-CT,Citation,Case,Weeds,"07/07/10 bg - Vegetation encroaching onto sidewalk, photos taken",2010-07-09,2010-07-29,Compliance Achieved,Completed,2720 21ST AVE S,SEATTLE,WA,98144,https://cosaccela.seattle.gov/portal/customize/LinkToRecord.aspx?altId=1023105-CT,47.57852331,-122.30509164,"2720 21ST AVE S
SEATTLE, SEATTLE 98144
(47.57852331, -122.30509164)"
1031211-VI,Notice of Violation,Case,,Mold in living room and bedroom. Entry (common area?) is filthy. See attached.,2014-01-14,2014-03-16,Compliance Achieved,Completed,7335 15TH AVE NW,SEATTLE,WA,98117,https://cosaccela.seattle.gov/portal/customize/LinkToRecord.aspx?altId=1031211-VI,47.68273292,-122.37724077,"7335 15TH AVE NW
SEATTLE, SEATTLE 98117
(47.68273292, -122.37724077)"
001152-15CP,Complaint,Request,Weeds,Vegetation blcoking more than 1/3 of sidewalk. This is at an intersection - Priority 3.,2015-01-13,2015-02-23,Completed,Completed,1956 4TH AVE W,SEATTLE,WA,98119,https://cosaccela.seattle.gov/portal/customize/LinkToRecord.aspx?altId=001152-15CP,47.63761325,-122.3619882,"1956 4TH AVE W
SEATTLE, SEATTLE 98119
(47.63761325, -122.3619882)"
005091-12CP,Complaint,Request,Noise,24/7 noise from rooftop equipment is causing pain.,2012-11-07,2012-11-08,Completed,Completed,2350 24TH AVE E,SEATTLE,WA,98112,https://cosaccela.seattle.gov/portal/customize/LinkToRecord.aspx?altId=005091-12CP,47.64009799,-122.30182482,"2350 24TH AVE E
SEATTLE, SEATTLE 98112
(47.64009799, -122.30182482)"
004858-14CP,Complaint,Request,Land Use,"Per online complaint ""1614 20th Ave Unit B, Seattle WA 98122 This town home has a 2 car garage, which has been converted to an additional rental unit or room. This space is shared with gas water heater, ventilation, etc., and is not intended to be used as living space per town home plan.""",2014-09-04,2014-09-16,Completed,Completed,1614 20TH AVE E,SEATTLE,WA,98112,https://cosaccela.seattle.gov/portal/customize/LinkToRecord.aspx?altId=004858-14CP,47.63368057,-122.30576185,"1614 20TH AVE E
SEATTLE, SEATTLE 98112
(47.63368057, -122.30576185)"
006038-14CP,Complaint,Request,Construction,Major interior renovations without a permit; includes electrical work also all without a permit. I explained our process we will do the best we can. He filled to formal complaints one for the property next door also at 3046 NE 143rd Street. I told him we will do the best we can.,2014-11-10,2015-09-29,Completed,Completed,14303 32ND AVE NE,SEATTLE,WA,98125,https://cosaccela.seattle.gov/portal/customize/LinkToRecord.aspx?altId=006038-14CP,47.73210605,-122.29416658,"14303 32ND AVE NE
SEATTLE, SEATTLE 98125
(47.73210605, -122.29416658)"
003487-07CP,Complaint,Request,Land Use,"5 cars and 2 motorcycles parked in rear, visible from alley.",2007-07-05,2007-07-09,Completed,Completed,4050 39TH AVE SW,SEATTLE,WA,98116,https://cosaccela.seattle.gov/portal/customize/LinkToRecord.aspx?altId=003487-07CP,47.56693774,-122.38112979,"4050 39TH AVE SW
SEATTLE, SEATTLE 98116
(47.56693774, -122.38112979)"
002671-15CP,Complaint,Request,Weeds,"Per Online: ""Vegetation overgrowing street on road bend where vision already difficult. SE corner of intersection of 132nd & 9th""",2015-04-16,2015-04-17,Completed,Completed,823 NW 132ND ST,SEATTLE,WA,98177,https://cosaccela.seattle.gov/portal/customize/LinkToRecord.aspx?altId=002671-15CP,47.72487938,-122.36748496,"823 NW 132ND ST
SEATTLE, SEATTLE 98177
(47.72487938, -122.36748496)"
003971-14CP,Complaint,Request,Noise,"Per online complaint ""Violation of Seattle Noise Ordinance. Loud music, shouting, and the sound of weights being dropped weekdays before 7am. Loud parties once or twice a month past 10pm (loud music, screaming). Garage doors wide open so noise travels right into apartments across the street.""",2014-07-22,,,Completed,5659 CALIFORNIA AVE SW,SEATTLE,WA,98136,https://cosaccela.seattle.gov/portal/customize/LinkToRecord.aspx?altId=003971-14CP,47.55053895,-122.38740287,"5659 CALIFORNIA AVE SW
SEATTLE, SEATTLE 98136
(47.55053895, -122.38740287)"
002995-14CP,Complaint,Request,Construction,"Per 5/29/14 online complaint: ""Is deck/fence structure in the front-yard being built to code? It sits on posts that are at least 20 feet tall. The fence is no more than 8 feet tall but starts about 8 feet above the ground. It is a formidable fence and not inviting. Pictures available by email."" since 5/1/2014***Constructing a deck more than 18"" above grade in a required front yard without a permit and inspections (see attached photos)***",2014-06-02,2014-06-03,Completed,Completed,521 20TH AVE,SEATTLE,WA,98122,https://cosaccela.seattle.gov/portal/customize/LinkToRecord.aspx?altId=002995-14CP,47.60687375,-122.3066729,"521 20TH AVE
SEATTLE, SEATTLE 98122
(47.60687375, -122.3066729)"
1018161-VI,Notice of Violation,Case,Vacant Building,"Trash is being dumped onto the yard of this vacant house.  Overgrown blackberry vines are extending over the fence, graffiti has been sprayed onto the fence.",2009-01-05,2009-02-09,Compliance Achieved,Completed,3012 NE 140TH ST,SEATTLE,WA,98125,https://cosaccela.seattle.gov/portal/customize/LinkToRecord.aspx?altId=1018161-VI,47.73030516,-122.29601552,"3012 NE 140TH ST
SEATTLE, SEATTLE 98125
(47.73030516, -122.29601552)"
1021511-VI,Notice of Violation,Case,,,2010-01-07,2010-06-10,Compliance Achieved,Completed,2466 WESTLAKE AVE N,SEATTLE,WA,98109,https://cosaccela.seattle.gov/portal/customize/LinkToRecord.aspx?altId=1021511-VI,47.64121929,-122.34181307,"2466 WESTLAKE AVE N
SEATTLE, SEATTLE 98109
(47.64121929, -122.34181307)"
005252-05CP,Complaint,Request,Weeds,tree limbs over hanging side walk.observed while inspecting adjacent property.,2005-12-28,,,Initiated,,,,,https://cosaccela.seattle.gov/portal/customize/LinkToRecord.aspx?altId=005252-05CP,,,
1025380-VI,Notice of Violation,Case,Construction,Ground disturbance and constructing structures in a wetlands buffer without permit & inspections from DPD.While reviewing a site for a SPU drainage project Scott Stevens noticed a great deal of unpermitted work in a wetland buffer at this site on 5/4/11. Mike Brennan/SPU investgated a claim for damages at this site on 1/26/11 before this unpermitted work occurred. Before (1/26/11) and after/during (5/4/11) photos included in this complaint package.,2011-05-17,2011-12-27,Compliance Achieved,Completed,4800 26TH AVE SW,SEATTLE,WA,98106,https://cosaccela.seattle.gov/portal/customize/LinkToRecord.aspx?altId=1025380-VI,47.55910169,-122.36527828,"4800 26TH AVE SW
SEATTLE, SEATTLE 98106
(47.55910169, -122.36527828)"
007369-15CP,Complaint,Request,Land Use,"Per online complaint: ""Outdoor storage of junk/hazardous materials. Vegetation overgrowth.""",2015-11-24,2015-12-10,Completed,Completed,3836 RENTON AVE S,SEATTLE,WA,98108,https://cosaccela.seattle.gov/portal/customize/LinkToRecord.aspx?altId=007369-15CP,47.56873356,-122.29443842,"3836 RENTON AVE S
SEATTLE, SEATTLE 98108
(47.56873356, -122.29443842)"
1009314-CT,Citation,Case,Land Use,"Violation of the zoning code, junk/outdoor storage and illegally parked RV.",2006-08-10,2007-09-27,Compliance Achieved,Completed,2716 WARREN AVE N,SEATTLE,WA,98109,https://cosaccela.seattle.gov/portal/customize/LinkToRecord.aspx?altId=1009314-CT,47.64525683,-122.35428255,"2716 WARREN AVE N
SEATTLE, SEATTLE 98109
(47.64525683, -122.35428255)"
1026795-CT,Citation,Case,Land Use,Outdoor junk storage including but not limited to salvaged materials and more misc.items stored in the yards.,2012-01-23,2012-04-17,Compliance Achieved,Completed,8846 14TH AVE SW,SEATTLE,WA,98106,https://cosaccela.seattle.gov/portal/customize/LinkToRecord.aspx?altId=1026795-CT,47.52339247,-122.35242841,"8846 14TH AVE SW
SEATTLE, SEATTLE 98106
(47.52339247, -122.35242841)"
001301-04CP,Complaint,Request,Construction,Cemented over entire property and it is tilted toward complainant's house and Thorton Creek. Very concerned about stormwater runoff into complainant's house and Thorton Creek.,2004-02-02,2004-02-02,Completed,Completed,9247 MATTHEWS AVE NE,SEATTLE,WA,98115,https://cosaccela.seattle.gov/portal/customize/LinkToRecord.aspx?altId=001301-04CP,47.69623416,-122.27722321,"9247 MATTHEWS AVE NE
SEATTLE, SEATTLE 98115
(47.69623416, -122.27722321)"
002734-04CP,Complaint,Request,Construction,"Rain is affecting the constuction site for Permit 742268.  There was  a ""cave in"" which affected the neighbors driveway at 4049 22nd Ave. SW on Friday (5/28/04).",2004-06-01,2004-06-01,Completed,Completed,4041 22ND AVE SW,SEATTLE,WA,98106,https://cosaccela.seattle.gov/portal/customize/LinkToRecord.aspx?altId=002734-04CP,47.56715095,-122.3615856,"4041 22ND AVE SW
SEATTLE, SEATTLE 98106
(47.56715095, -122.3615856)"
1011516-VI,Notice of Violation,Case,Construction,"Roof leaks, lots of mold and roof being held up by 2X4s. One beam is bowed. Moving/salvage people won't move stuff out of some rooms because it appears to be so unsafe. Wants inspection on 3/30/07 (lease ends 3/31/07). Told him we may not be able to do this before lease ends. Promised a call from us between 7:30 a.m. & 8:30 a.m. on or by 3/30/07. (Suggested he talk to his attorney and engage the services of a structural engineer to evaluate.)",2007-04-02,2007-05-31,Compliance Achieved,Completed,606 BROADWAY E,SEATTLE,WA,98102,https://cosaccela.seattle.gov/portal/customize/LinkToRecord.aspx?altId=1011516-VI,47.6246413,-122.32069583,"606 BROADWAY E
SEATTLE, SEATTLE 98102
(47.6246413, -122.32069583)"
004259-17CP,Complaint,Request,Land Use,"Junk, highly overgrown, potentially vacant property",2017-06-20,2017-06-26,Completed,Completed,112 NE 92ND ST,SEATTLE,WA,98115,https://cosaccela.seattle.gov/portal/customize/LinkToRecord.aspx?altId=004259-17CP,47.6961692,-122.32778824,"112 NE 92ND ST
SEATTLE, SEATTLE 98115
(47.6961692, -122.32778824)"
003578-08CP,Complaint,Request,Weeds,"Per online complaint: ""Overgrowth of ivy onto sidewalk from private property. Does not keep maintained and cut.""",2008-06-26,2008-07-01,Completed,Completed,2359 N 62ND ST,SEATTLE,WA,98103,https://cosaccela.seattle.gov/portal/customize/LinkToRecord.aspx?altId=003578-08CP,47.67351863,-122.32839192,"2359 N 62ND ST
SEATTLE, SEATTLE 98103
(47.67351863, -122.32839192)"
003690-05CP,Complaint,Request,,"Roof leak in kitchen alcove (bubble in ceiling), some appliances in the kitchen do not work, kitchen fan is broken, front door lock is loose and electrical issues throughout house. Lease ends at the end of September.",2005-08-16,,,Completed,7 CROCKETT ST,SEATTLE,WA,,https://cosaccela.seattle.gov/portal/customize/LinkToRecord.aspx?altId=003690-05CP,47.63715722,-122.35627147,"7 CROCKETT ST
SEATTLE, SEATTLE
(47.63715722, -122.35627147)"
1015376-VI,Notice of Violation,Case,,,2008-04-03,2008-04-21,Compliance Achieved,Completed,2121 E JEFFERSON ST,SEATTLE,WA,98122,https://cosaccela.seattle.gov/portal/customize/LinkToRecord.aspx?altId=1015376-VI,47.60583084,-122.3042278,"2121 E JEFFERSON ST
SEATTLE, SEATTLE 98122
(47.60583084, -122.3042278)"
003622-05CP,Complaint,Request,Land Use,ONLINE COMPLAINT- DATED 8/6/05- This person is renting out a single family house as a duplex.,2005-08-10,2005-08-17,Completed,Completed,3817 CORLISS AVE N,SEATTLE,WA,98103,https://cosaccela.seattle.gov/portal/customize/LinkToRecord.aspx?altId=003622-05CP,47.65366611,-122.33179818,"3817 CORLISS AVE N
SEATTLE, SEATTLE 98103
(47.65366611, -122.33179818)"
004896-15CP,Complaint,Request,Shoreline,Removal of asphalt driveway(approx 7/21-7/23)in ECA and currently setting concrete forms in the same area.  Visible from Portage Bay Pl E.,2015-07-27,2015-08-27,Completed,Completed,3218 PORTAGE BAY PL E,SEATTLE,WA,98102,https://cosaccela.seattle.gov/portal/customize/LinkToRecord.aspx?altId=004896-15CP,47.65087984,-122.31953088,"3218 PORTAGE BAY PL E
SEATTLE, SEATTLE 98102
(47.65087984, -122.31953088)"
001385-05CP,Complaint,Request,Vacant Building,,2005-02-08,2005-02-08,Completed,Completed,,,,,https://cosaccela.seattle.gov/portal/customize/LinkToRecord.aspx?altId=001385-05CP,,,
003777-17CP,Complaint,Request,Noise,PER ONLINE COMPLAINT: Construction or mechanical equipment noise. The noises were not within the noise variance updates that we had received from my apartment building. The variance was supposed to be at 5 am on June 2nd. It has been from 3:30 am onwards on June 3rd.,2017-06-05,,,Completed,333 DEXTER AVE N,SEATTLE,WA,98109,https://cosaccela.seattle.gov/portal/customize/LinkToRecord.aspx?altId=003777-17CP,47.6217796,-122.34293264,"333 DEXTER AVE N
SEATTLE, SEATTLE 98109
(47.6217796, -122.34293264)"
002011-05CP,Complaint,Request,Land Use,RED PIKCUP PARKED IN FRONT YARD--LICENSE A61040M,2005-04-06,2005-06-13,Completed,Completed,5008 20TH AVE NE,SEATTLE,WA,98105,https://cosaccela.seattle.gov/portal/customize/LinkToRecord.aspx?altId=002011-05CP,47.66522872,-122.30621983,"5008 20TH AVE NE
SEATTLE, SEATTLE 98105
(47.66522872, -122.30621983)"
1033089-TR,Tenant Relocation,Request,,Violation of the Tenant Relocation Assistance Ordinance (Seattle Municipal Code Chapter 22.210).  Application for a Tenant Relocation License.  Total units:  4; total units occupied:  4.  Demolition.,2014-10-07,2015-08-19,Vacant,Completed,4230 11TH AVE NE,SEATTLE,WA,98105,https://cosaccela.seattle.gov/portal/customize/LinkToRecord.aspx?altId=1033089-TR,47.65926513,-122.31637539,"4230 11TH AVE NE
SEATTLE, SEATTLE 98105
(47.65926513, -122.31637539)"
002322-04CP,Complaint,Request,Construction,Piles of soil and a plastic tarp in the front yard. Soil is beginning to wash into the alley and neighboring properties.,2004-04-28,,,Initiated,719 NW 95TH ST,SEATTLE,WA,98117,https://cosaccela.seattle.gov/portal/customize/LinkToRecord.aspx?altId=002322-04CP,47.69767265,-122.36557173,"719 NW 95TH ST
SEATTLE, SEATTLE 98117
(47.69767265, -122.36557173)"
004497-11CP,Complaint,Request,Weeds,Vegetation overgrowth obscuring the public sidewalk.,2011-09-30,,,Completed,6060 52ND AVE S,SEATTLE,WA,98118,https://cosaccela.seattle.gov/portal/customize/LinkToRecord.aspx?altId=004497-11CP,47.5479864,-122.26591875,"6060 52ND AVE S
SEATTLE, SEATTLE 98118
(47.5479864, -122.26591875)"
001006-15CP,Complaint,Request,Land Use,"Several cars behind the building, trash in the cars, a sofa on the stairs as of today 12/1. I spoke with the owner several times about the issue he has done nothing about it.",2015-01-02,2015-01-08,Completed,Completed,4204 RAINIER AVE S,SEATTLE,WA,98118,https://cosaccela.seattle.gov/portal/customize/LinkToRecord.aspx?altId=001006-15CP,47.56543801,-122.28826518,"4204 RAINIER AVE S
SEATTLE, SEATTLE 98118
(47.56543801, -122.28826518)"
005505-15CP,Complaint,Request,,"""Per online complaint"" Unit #401 does not comply with Seattle Municipal codes regarding bathroom ventilation: * Section 22.206.040.C * Section 22.206.100 Unit does not have an operating fan in the master bedroom, where there is known mold build-up in the drywall and behind fixtures.Ongoing since 6/15/2015",2015-08-18,2015-08-24,Completed,Completed,1713 DEXTER AVE N,SEATTLE,WA,98109,https://cosaccela.seattle.gov/portal/customize/LinkToRecord.aspx?altId=005505-15CP,47.63441441,-122.3425667,"1713 DEXTER AVE N
SEATTLE, SEATTLE 98109
(47.63441441, -122.3425667)"
002756-17CP,Complaint,Request,Weeds,PER CSB COMPLAINT: vegetation over sidewalk,2017-04-13,,,Completed,325 W PROSPECT ST,SEATTLE,WA,98119,https://cosaccela.seattle.gov/portal/customize/LinkToRecord.aspx?altId=002756-17CP,47.6285306,-122.3617768,"325 W PROSPECT ST
SEATTLE, SEATTLE 98119
(47.6285306, -122.3617768)"
001554-18CP,Complaint,Request,LandLord/Tenant,"Questions about tenant rights, utility bill",2018-01-29,,,Completed,10321 MERIDIAN AVE N,SEATTLE,WA,98133,https://cosaccela.seattle.gov/portal/customize/LinkToRecord.aspx?altId=001554-18CP,47.70390271,-122.33424888,"10321 MERIDIAN AVE N
SEATTLE, SEATTLE 98133
(47.70390271, -122.33424888)"
004919-07CP,Complaint,Request,Land Use,"Per Online Complaint:""6 cars and 1 boat parked in required yard""",2007-09-26,2007-10-02,Completed,Completed,6018 23RD AVE S,SEATTLE,WA,98108,https://cosaccela.seattle.gov/portal/customize/LinkToRecord.aspx?altId=004919-07CP,47.5481482,-122.30420429,"6018 23RD AVE S
SEATTLE, SEATTLE 98108
(47.5481482, -122.30420429)"
005670-18CP,Complaint,Request,Construction,"Doing construction, gutting house doing a complete remodel, no permits",2018-06-19,2018-06-25,Completed,Under Investigation,336 29TH AVE,SEATTLE,WA,98122,https://cosaccela.seattle.gov/portal/customize/LinkToRecord.aspx?altId=005670-18CP,47.60526761,-122.29463296,"336 29TH AVE
SEATTLE, SEATTLE 98122
(47.60526761, -122.29463296)"
003859-13CP,Complaint,Request,Weeds,"Per online complaint: ""The sidewalk in front of 3008 22nd Avenue West is almost entirely obstructed by vegetation encroaching from private property. Pedestrians end up walking in the planting strip or in the street.""",2013-07-26,2013-08-13,Completed,Completed,3008 22ND AVE W,SEATTLE,WA,98199,https://cosaccela.seattle.gov/portal/customize/LinkToRecord.aspx?altId=003859-13CP,47.64693619,-122.38444212,"3008 22ND AVE W
SEATTLE, SEATTLE 98199
(47.64693619, -122.38444212)"
1033691-VI,Notice of Violation,Case,Land Use,Junk storage in the front yard and back yard. Vegetation overgrowth obscuring public sidewalk.,2015-01-06,2015-01-22,Compliance Achieved,Completed,5727 30TH AVE NE,SEATTLE,WA,98105,https://cosaccela.seattle.gov/portal/customize/LinkToRecord.aspx?altId=1033691-VI,47.6711733,-122.29533876,"5727 30TH AVE NE
SEATTLE, SEATTLE 98105
(47.6711733, -122.29533876)"
004810-13CP,Complaint,Request,Land Use,"Per online complaint ""new shed in the back is in alley space."" I called complainant and she said the shed is on the private property and it is partway on the public alley as well.",2013-09-23,2013-10-09,Completed,Completed,5518 20TH AVE S,SEATTLE,WA,98108,https://cosaccela.seattle.gov/portal/customize/LinkToRecord.aspx?altId=004810-13CP,47.55281064,-122.30703261,"5518 20TH AVE S
SEATTLE, SEATTLE 98108
(47.55281064, -122.30703261)"
003311-04CP,Complaint,Request,Construction,"Currently building a deck 18 inches below grade in rear and adding stairs that joins this deck with an existing 2nd story deck. The stairs are the issue here.  They were not included in the previous plans (see permit #737358) and exceed allowed lot coverage. The stairs are difficult to see from the street and there is no alley.  Inspector has permission to use (complainant's) walkway at 2124 NW 98th St to view, if necessary.",2004-07-15,2004-07-20,Completed,Completed,2128 NW 98TH ST,SEATTLE,WA,98117,https://cosaccela.seattle.gov/portal/customize/LinkToRecord.aspx?altId=003311-04CP,47.70067295,-122.38440624,"2128 NW 98TH ST
SEATTLE, SEATTLE 98117
(47.70067295, -122.38440624)"
1003749-CT,Citation,Case,,OBSERVED VIOLATIONS OF THE SEATTLE HOUSING AND BUILDING MAINTENANCE CODE.(IMPROPER RISERS ON FRONT BUILDING ENTRANCE STAIRS) OTHER ITEMS CITED IN CH222667 WILL BE TRANSFERRED TO ALLOW OWNER ANOTHER CHANCE TO OBTAIN VARIANCE.,2004-10-21,2007-01-12,Compliance Achieved,Completed,6515 19TH AVE NW,SEATTLE,WA,98117,https://cosaccela.seattle.gov/portal/customize/LinkToRecord.aspx?altId=1003749-CT,47.67636094,-122.38135184,"6515 19TH AVE NW
SEATTLE, SEATTLE 98117
(47.67636094, -122.38135184)"
001978-17CP,Complaint,Request,Construction,"Property owner previously added opening to the upper level along the back side of the house - sliding door was installed. Recently, a large detached shed has been constructed, which sits directly against the east property line (along alleyway). The shed has exposed electrical wiring coming from it.",2017-03-02,,,Completed,4848 49TH AVE SW,SEATTLE,WA,98116,https://cosaccela.seattle.gov/portal/customize/LinkToRecord.aspx?altId=001978-17CP,47.55795677,-122.39453089,"4848 49TH AVE SW
SEATTLE, SEATTLE 98116
(47.55795677, -122.39453089)"
1031494-TR,Tenant Relocation,Request,,"Issuance of an ""Owner's Certification of Exemption"".",2014-03-05,,,Completed,825 YESLER WAY,SEATTLE,WA,98104,https://cosaccela.seattle.gov/portal/customize/LinkToRecord.aspx?altId=1031494-TR,47.60139876,-122.32134511,"825 YESLER WAY
SEATTLE, SEATTLE 98104
(47.60139876, -122.32134511)"
002696-15CP,Complaint,Request,Construction,Added a 14'x14' addition attached to back of house with flat roof.  Project began 3-4 weeks ago.Note:  Not visible from ROW.  Permission to enter complainants property to view construction has been granted.  Scope of current permit does not seem to match work described by complainant.,2015-04-20,,,Completed,3111 37TH AVE S,SEATTLE,WA,98144,https://cosaccela.seattle.gov/portal/customize/LinkToRecord.aspx?altId=002696-15CP,47.57579118,-122.28608925,"3111 37TH AVE S
SEATTLE, SEATTLE 98144
(47.57579118, -122.28608925)"
1004774-CT,Citation,Case,Land Use,zoning violaton observed,2005-03-18,2005-04-18,Compliance Achieved,Completed,10318 STONE AVE N,SEATTLE,WA,98133,https://cosaccela.seattle.gov/portal/customize/LinkToRecord.aspx?altId=1004774-CT,47.70380654,-122.34148519,"10318 STONE AVE N
SEATTLE, SEATTLE 98133
(47.70380654, -122.34148519)"
005042-08CP,Complaint,Request,Weeds,Vegetation growing onto alley in rear.,2008-09-11,2008-09-23,Completed,Completed,4511 45TH AVE SW,SEATTLE,WA,98116,https://cosaccela.seattle.gov/portal/customize/LinkToRecord.aspx?altId=005042-08CP,47.56255843,-122.38981969,"4511 45TH AVE SW
SEATTLE, SEATTLE 98116
(47.56255843, -122.38981969)"
002286-13CP,Complaint,Request,,Bed bugs in unit.,2013-04-24,2013-04-30,Completed,Completed,1909 11TH AVE W,SEATTLE,WA,98119,https://cosaccela.seattle.gov/portal/customize/LinkToRecord.aspx?altId=002286-13CP,47.63640878,-122.37203725,"1909 11TH AVE W
SEATTLE, SEATTLE 98119
(47.63640878, -122.37203725)"
1037568-CT,Citation,Case,Land Use,outdoor junk storage in front yard,2016-06-01,2016-08-11,Compliance Achieved,Compliance Achieved,3818 S LUCILE ST,SEATTLE,WA,98118,https://cosaccela.seattle.gov/portal/customize/LinkToRecord.aspx?altId=1037568-CT,47.5529125,-122.28484153,"3818 S LUCILE ST
SEATTLE, SEATTLE 98118
(47.5529125, -122.28484153)"
1026767-VI,Notice of Violation,Case,,,2012-01-12,2015-10-13,Closed,Completed,10323 9TH AVE NW,SEATTLE,WA,98177,https://cosaccela.seattle.gov/portal/customize/LinkToRecord.aspx?altId=1026767-VI,47.70403347,-122.36903901,"10323 9TH AVE NW
SEATTLE, SEATTLE 98177
(47.70403347, -122.36903901)"
1015691-VI,Notice of Violation,Case,,,2008-04-30,2008-06-05,Compliance Achieved,Completed,114 24TH AVE E,SEATTLE,WA,98112,https://cosaccela.seattle.gov/portal/customize/LinkToRecord.aspx?altId=1015691-VI,47.61949618,-122.3010277,"114 24TH AVE E
SEATTLE, SEATTLE 98112
(47.61949618, -122.3010277)"
001142-16CP,Complaint,Request,Weeds,Per CSB: Multiple thorns overhanging sidewalk.,2016-01-13,,,Completed,3822 M L KING JR WAY S,SEATTLE,WA,98144,https://cosaccela.seattle.gov/portal/customize/LinkToRecord.aspx?altId=001142-16CP,47.56934677,-122.29630218,"3822 M L KING JR WAY S
SEATTLE, SEATTLE 98144
(47.56934677, -122.29630218)"